{
  "timestamp": "2025-12-29T14:08:28.679606",
  "metrics": {
    "idle_cpu_pct": {
      "count": 6,
      "min": 1.89,
      "max": 2.34,
      "avg": 2.0799999999999996,
      "p50": 2.01,
      "p95": 2.34,
      "p99": 2.34
    },
    "idle_ram_mb": {
      "count": 6,
      "min": 156.78,
      "max": 158.12,
      "avg": 157.45000000000002,
      "p50": 157.45,
      "p95": 158.12,
      "p99": 158.12
    },
    "tal_hold_duration_ms": {
      "count": 2,
      "min": 1234.56,
      "max": 1234.56,
      "avg": 1234.56,
      "p50": 1234.56,
      "p95": 1234.56,
      "p99": 1234.56
    },
    "tal_refresh_interval_ms": {
      "count": 2,
      "min": 30000.0,
      "max": 30000.0,
      "avg": 30000.0,
      "p50": 30000.0,
      "p95": 30000.0,
      "p99": 30000.0
    }
  },
  "slo_violations": [],
  "summary": {
    "total_metrics": 4,
    "metrics_with_data": 4,
    "slo_violations_count": 0,
    "slo_compliance": true
  }
}